-- phpMyAdmin SQL Dump
-- version 5.0.4
-- https://www.phpmyadmin.net/
--
-- Host: 127.0.0.1
-- Generation Time: May 27, 2021 at 08:33 AM
-- Server version: 10.4.17-MariaDB
-- PHP Version: 8.0.2

SET SQL_MODE = "NO_AUTO_VALUE_ON_ZERO";
START TRANSACTION;
SET time_zone = "+00:00";


/*!40101 SET @OLD_CHARACTER_SET_CLIENT=@@CHARACTER_SET_CLIENT */;
/*!40101 SET @OLD_CHARACTER_SET_RESULTS=@@CHARACTER_SET_RESULTS */;
/*!40101 SET @OLD_COLLATION_CONNECTION=@@COLLATION_CONNECTION */;
/*!40101 SET NAMES utf8mb4 */;

--
-- Database: `pessdb`
--

-- --------------------------------------------------------

--
-- Table structure for table `dispatch`
--

CREATE TABLE `dispatch` (
  `incident_id` int(11) NOT NULL,
  `patrolcar_id` varchar(10) NOT NULL,
  `time_dispatched` datetime NOT NULL,
  `time_arrived` datetime DEFAULT NULL,
  `time_complete` datetime DEFAULT NULL
) ENGINE=InnoDB DEFAULT CHARSET=utf8mb4;

--
-- Dumping data for table `dispatch`
--

INSERT INTO `dispatch` (`incident_id`, `patrolcar_id`, `time_dispatched`, `time_arrived`, `time_complete`) VALUES
(9, 'QX1234', '2021-03-24 11:00:45', NULL, NULL),
(10, 'QX4321R', '2021-03-24 11:01:20', NULL, NULL),
(11, 'QX44444P', '2021-05-19 15:08:32', NULL, NULL),
(12, 'QX2222G', '2014-05-29 10:51:15', NULL, '2014-05-29 10:53:43'),
(12, 'QX9999H', '2021-05-20 14:28:50', NULL, NULL),
(13, 'QX2222G', '2014-05-29 10:59:42', NULL, NULL),
(14, 'QX4444P', '2014-05-29 11:10:57', NULL, NULL);

-- --------------------------------------------------------

--
-- Table structure for table `incident`
--

CREATE TABLE `incident` (
  `incident_id` int(11) NOT NULL,
  `caller_name` varchar(30) NOT NULL,
  `phone_number` varchar(10) NOT NULL,
  `incident_type_id` varchar(3) NOT NULL,
  `incident_location` varchar(50) NOT NULL,
  `incident_desc` varchar(100) NOT NULL,
  `incident_status_id` varchar(1) NOT NULL,
  `time_called` timestamp NOT NULL DEFAULT current_timestamp() ON UPDATE current_timestamp()
) ENGINE=InnoDB DEFAULT CHARSET=utf8mb4;

--
-- Dumping data for table `incident`
--

INSERT INTO `incident` (`incident_id`, `caller_name`, `phone_number`, `incident_type_id`, `incident_location`, `incident_desc`, `incident_status_id`, `time_called`) VALUES
(6, 'PETER LEOW', '81234567', '010', 'Junction of North Bridge Rd and Middle Rd ', 'A bus collided with a Taxi 2 injuries', '1', '2021-03-24 02:52:07'),
(8, 'qwerty', '12345678', '030', 'cck', 'qwerty', '3', '2021-03-24 02:52:07'),
(9, '', '93850394', '020', 'lakeside', 'he bullly me in the call', '2', '2021-03-24 03:00:45'),
(10, '', '93850394', '010', 'lakeside', 'HE BULLY ME TODAY AND I ANGRY ', '2', '2021-03-24 03:01:20'),
(11, '', '93850394', '010', 'lakeside', 'k;yhjb', '2', '2021-05-19 07:08:32'),
(12, '', '93850394', '010', 'lakeside', ' vdszl;', '2', '2021-05-20 06:28:50');

-- --------------------------------------------------------

--
-- Table structure for table `incident_status`
--

CREATE TABLE `incident_status` (
  `incident_status_id` varchar(1) NOT NULL,
  `ident_status_desc` varchar(20) NOT NULL
) ENGINE=InnoDB DEFAULT CHARSET=utf8mb4;

--
-- Dumping data for table `incident_status`
--

INSERT INTO `incident_status` (`incident_status_id`, `ident_status_desc`) VALUES
('1', 'Pending'),
('2', 'Dispatched'),
('3', 'Completed'),
('4', 'Duplicate');

-- --------------------------------------------------------

--
-- Table structure for table `incident_type`
--

CREATE TABLE `incident_type` (
  `incident_type_id` varchar(3) CHARACTER SET latin1 NOT NULL,
  `incident_type_desc` varchar(20) CHARACTER SET latin1 NOT NULL
) ENGINE=InnoDB DEFAULT CHARSET=utf8mb4;

--
-- Dumping data for table `incident_type`
--

INSERT INTO `incident_type` (`incident_type_id`, `incident_type_desc`) VALUES
('010', 'Fire'),
('020', 'Riot'),
('030', 'Burglary'),
('040', 'Domestic Violent'),
('050', 'Fallen Tree'),
('060', 'Traffic Accident'),
('070', 'Loan Shark'),
('999', 'Other');

-- --------------------------------------------------------

--
-- Table structure for table `patrolcar`
--

CREATE TABLE `patrolcar` (
  `patrolcar_id` varchar(10) NOT NULL,
  `patrolcar_status_id` varchar(1) NOT NULL
) ENGINE=InnoDB DEFAULT CHARSET=utf8mb4;

--
-- Dumping data for table `patrolcar`
--

INSERT INTO `patrolcar` (`patrolcar_id`, `patrolcar_status_id`) VALUES
('QX1234', ''),
('QX4321R', '1'),
('QX44444P', '1'),
('QX45545P', '3'),
('QX9999H', '1');

-- --------------------------------------------------------

--
-- Table structure for table `patrolcar_status`
--

CREATE TABLE `patrolcar_status` (
  `patrolcar_status_id` varchar(1) NOT NULL,
  `patrolcar_status_desc` varchar(20) NOT NULL
) ENGINE=InnoDB DEFAULT CHARSET=utf8mb4;

--
-- Dumping data for table `patrolcar_status`
--

INSERT INTO `patrolcar_status` (`patrolcar_status_id`, `patrolcar_status_desc`) VALUES
('1', 'Dispatched'),
('2', 'Patrol'),
('3', 'Free'),
('4', 'On-site'),
('5', 'NA');

--
-- Indexes for dumped tables
--

--
-- Indexes for table `dispatch`
--
ALTER TABLE `dispatch`
  ADD PRIMARY KEY (`incident_id`,`patrolcar_id`);

--
-- Indexes for table `incident`
--
ALTER TABLE `incident`
  ADD PRIMARY KEY (`incident_id`);

--
-- Indexes for table `incident_status`
--
ALTER TABLE `incident_status`
  ADD PRIMARY KEY (`incident_status_id`);

--
-- Indexes for table `incident_type`
--
ALTER TABLE `incident_type`
  ADD PRIMARY KEY (`incident_type_id`);

--
-- Indexes for table `patrolcar`
--
ALTER TABLE `patrolcar`
  ADD PRIMARY KEY (`patrolcar_id`);

--
-- Indexes for table `patrolcar_status`
--
ALTER TABLE `patrolcar_status`
  ADD PRIMARY KEY (`patrolcar_status_id`);

--
-- AUTO_INCREMENT for dumped tables
--

--
-- AUTO_INCREMENT for table `incident`
--
ALTER TABLE `incident`
  MODIFY `incident_id` int(11) NOT NULL AUTO_INCREMENT, AUTO_INCREMENT=13;
COMMIT;

/*!40101 SET CHARACTER_SET_CLIENT=@OLD_CHARACTER_SET_CLIENT */;
/*!40101 SET CHARACTER_SET_RESULTS=@OLD_CHARACTER_SET_RESULTS */;
/*!40101 SET COLLATION_CONNECTION=@OLD_COLLATION_CONNECTION */;
